<hibernate-configuration>
<session-factory>
<property name="hibernate.connection.driver_class">com.mysql.cj.jdbc.Driver</property>
<property name="hibernate.connection.url">jdbc:mysql://localhost:3306/amit</property>
<property name="hibernate.connection.username">root</property>
<property name="hibernate.connection.password"></property>
<!--   Optional properties  -->
<property name="hibernate.show_sql">true</property>
<property name="hibernate.format_sql">true</property>
<property name="hbm2ddl.auto">update</property>
</session-factory>
</hibernate-configuration>